{"people":[{"names":["face_holding_back_tears"],"surrogates":"🥹","unicodeVersion":14},{"names":["face_with_peeking_eye"],"surrogates":"🫣","unicodeVersion":14},{"names":["face_with_open_eyes_and_hand_over_mouth"],"surrogates":"🫢","unicodeVersion":14},{"names":["saluting_face"],"surrogates":"🫡","unicodeVersion":14},{"names":["melting_face"],"surrogates":"🫠","unicodeVersion":14},{"names":["dotted_line_face"],"surrogates":"🫥","unicodeVersion":14},{"names":["face_with_diagonal_mouth"],"surrogates":"🫤","unicodeVersion":14},{"names":["shaking_face"],"surrogates":"🫨","unicodeVersion":15},{"names":["heart_hands"],"surrogates":"🫶","unicodeVersion":14,"hasDiversity":true,"diversityChildren":[{"names":["heart_hands_tone1","heart_hands_light_skin_tone"],"surrogates":"🫶🏻","unicodeVersion":14,"diversity":["1f3fb"],"hasDiversityParent":true},{"names":["heart_hands_tone2","heart_hands_medium_light_skin_tone"],"surrogates":"🫶🏼","unicodeVersion":14,"diversity":["1f3fc"],"hasDiversityParent":true},{"names":["heart_hands_tone3","heart_hands_medium_skin_tone"],"surrogates":"🫶🏽","unicodeVersion":14,"diversity":["1f3fd"],"hasDiversityParent":true},{"names":["heart_hands_tone4","heart_hands_medium_dark_skin_tone"],"surrogates":"🫶🏾","unicodeVersion":14,"diversity":["1f3fe"],"hasDiversityParent":true},{"names":["heart_hands_tone5","heart_hands_dark_skin_tone"],"surrogates":"🫶🏿","unicodeVersion":14,"diversity":["1f3ff"],"hasDiversityParent":true}]},{"names":["handshake","shaking_hands"],"surrogates":"🤝","unicodeVersion":9,"diversityChildren":[{"names":["handshake_tone1","handshake_light_skin_tone"],"surrogates":"🤝🏻","unicodeVersion":14,"diversity":["1f3fb"],"hasMultiDiversityParent":true},{"names":["handshake_tone1_tone2","handshake_light_skin_tone_medium_light_skin_tone"],"surrogates":"🫱🏻‍🫲🏼","unicodeVersion":14,"diversity":["1f3fb","1f3fc"],"hasMultiDiversityParent":true},{"names":["handshake_tone1_tone3","handshake_light_skin_tone_medium_skin_tone"],"surrogates":"🫱🏻‍🫲🏽","unicodeVersion":14,"diversity":["1f3fb","1f3fd"],"hasMultiDiversityParent":true},{"names":["handshake_tone1_tone4","handshake_light_skin_tone_medium_dark_skin_tone"],"surrogates":"🫱🏻‍🫲🏾","unicodeVersion":14,"diversity":["1f3fb","1f3fe"],"hasMultiDiversityParent":true},{"names":["handshake_tone1_tone5","handshake_light_skin_tone_dark_skin_tone"],"surrogates":"🫱🏻‍🫲🏿","unicodeVersion":14,"diversity":["1f3fb","1f3ff"],"hasMultiDiversityParent":true},{"names":["handshake_tone2_tone1","handshake_medium_light_skin_tone_light_skin_tone"],"surrogates":"🫱🏼‍🫲🏻","unicodeVersion":14,"diversity":["1f3fc","1f3fb"],"hasMultiDiversityParent":true},{"names":["handshake_tone2","handshake_medium_light_skin_tone"],"surrogates":"🤝🏼","unicodeVersion":14,"diversity":["1f3fc"],"hasMultiDiversityParent":true},{"names":["handshake_tone2_tone3","handshake_medium_light_skin_tone_medium_skin_tone"],"surrogates":"🫱🏼‍🫲🏽","unicodeVersion":14,"diversity":["1f3fc","1f3fd"],"hasMultiDiversityParent":true},{"names":["handshake_tone2_tone4","handshake_medium_light_skin_tone_medium_dark_skin_tone"],"surrogates":"🫱🏼‍🫲🏾","unicodeVersion":14,"diversity":["1f3fc","1f3fe"],"hasMultiDiversityParent":true},{"names":["handshake_tone2_tone5","handshake_medium_light_skin_tone_dark_skin_tone"],"surrogates":"🫱🏼‍🫲🏿","unicodeVersion":14,"diversity":["1f3fc","1f3ff"],"hasMultiDiversityParent":true},{"names":["handshake_tone3_tone1","handshake_medium_skin_tone_light_skin_tone"],"surrogates":"🫱🏽‍🫲🏻","unicodeVersion":14,"diversity":["1f3fd","1f3fb"],"hasMultiDiversityParent":true},{"names":["handshake_tone3_tone2","handshake_medium_skin_tone_medium_light_skin_tone"],"surrogates":"🫱🏽‍🫲🏼","unicodeVersion":14,"diversity":["1f3fd","1f3fc"],"hasMultiDiversityParent":true},{"names":["handshake_tone3","handshake_medium_skin_tone"],"surrogates":"🤝🏽","unicodeVersion":14,"diversity":["1f3fd"],"hasMultiDiversityParent":true},{"names":["handshake_tone3_tone4","handshake_medium_skin_tone_medium_dark_skin_tone"],"surrogates":"🫱🏽‍🫲🏾","unicodeVersion":14,"diversity":["1f3fd","1f3fe"],"hasMultiDiversityParent":true},{"names":["handshake_tone3_tone5","handshake_medium_skin_tone_dark_skin_tone"],"surrogates":"🫱🏽‍🫲🏿","unicodeVersion":14,"diversity":["1f3fd","1f3ff"],"hasMultiDiversityParent":true},{"names":["handshake_tone4_tone1","handshake_medium_dark_skin_tone_light_skin_tone"],"surrogates":"🫱🏾‍🫲🏻","unicodeVersion":14,"diversity":["1f3fe","1f3fb"],"hasMultiDiversityParent":true},{"names":["handshake_tone4_tone2","handshake_medium_dark_skin_tone_medium_light_skin_tone"],"surrogates":"🫱🏾‍🫲🏼","unicodeVersion":14,"diversity":["1f3fe","1f3fc"],"hasMultiDiversityParent":true},{"names":["handshake_tone4_tone3","handshake_medium_dark_skin_tone_medium_skin_tone"],"surrogates":"🫱🏾‍🫲🏽","unicodeVersion":14,"diversity":["1f3fe","1f3fd"],"hasMultiDiversityParent":true},{"names":["handshake_tone4","handshake_medium_dark_skin_tone"],"surrogates":"🤝🏾","unicodeVersion":14,"diversity":["1f3fe"],"hasMultiDiversityParent":true},{"names":["handshake_tone4_tone5","handshake_medium_dark_skin_tone_dark_skin_tone"],"surrogates":"🫱🏾‍🫲🏿","unicodeVersion":14,"diversity":["1f3fe","1f3ff"],"hasMultiDiversityParent":true},{"names":["handshake_tone5_tone1","handshake_dark_skin_tone_light_skin_tone"],"surrogates":"🫱🏿‍🫲🏻","unicodeVersion":14,"diversity":["1f3ff","1f3fb"],"hasMultiDiversityParent":true},{"names":["handshake_tone5_tone2","handshake_dark_skin_tone_medium_light_skin_tone"],"surrogates":"🫱🏿‍🫲🏼","unicodeVersion":14,"diversity":["1f3ff","1f3fc"],"hasMultiDiversityParent":true},{"names":["handshake_tone5_tone3","handshake_dark_skin_tone_medium_skin_tone"],"surrogates":"🫱🏿‍🫲🏽","unicodeVersion":14,"diversity":["1f3ff","1f3fd"],"hasMultiDiversityParent":true},{"names":["handshake_tone5_tone4","handshake_dark_skin_tone_medium_dark_skin_tone"],"surrogates":"🫱🏿‍🫲🏾","unicodeVersion":14,"diversity":["1f3ff","1f3fe"],"hasMultiDiversityParent":true},{"names":["handshake_tone5","handshake_dark_skin_tone"],"surrogates":"🤝🏿","unicodeVersion":14,"diversity":["1f3ff"],"hasMultiDiversityParent":true}],"hasMultiDiversity":true},{"names":["leftwards_pushing_hand"],"surrogates":"🫷","unicodeVersion":15,"hasDiversity":true,"diversityChildren":[{"names":["leftwards_pushing_hand_tone1","leftwards_pushing_hand_light_skin_tone"],"surrogates":"🫷🏻","unicodeVersion":15,"diversity":["1f3fb"],"hasDiversityParent":true},{"names":["leftwards_pushing_hand_tone2","leftwards_pushing_hand_medium_light_skin_tone"],"surrogates":"🫷🏼","unicodeVersion":15,"diversity":["1f3fc"],"hasDiversityParent":true},{"names":["leftwards_pushing_hand_tone3","leftwards_pushing_hand_medium_skin_tone"],"surrogates":"🫷🏽","unicodeVersion":15,"diversity":["1f3fd"],"hasDiversityParent":true},{"names":["leftwards_pushing_hand_tone4","leftwards_pushing_hand_medium_dark_skin_tone"],"surrogates":"🫷🏾","unicodeVersion":15,"diversity":["1f3fe"],"hasDiversityParent":true},{"names":["leftwards_pushing_hand_tone5","leftwards_pushing_hand_dark_skin_tone"],"surrogates":"🫷🏿","unicodeVersion":15,"diversity":["1f3ff"],"hasDiversityParent":true}]},{"names":["rightwards_pushing_hand"],"surrogates":"🫸","unicodeVersion":15,"hasDiversity":true,"diversityChildren":[{"names":["rightwards_pushing_hand_tone1","rightwards_pushing_hand_light_skin_tone"],"surrogates":"🫸🏻","unicodeVersion":15,"diversity":["1f3fb"],"hasDiversityParent":true},{"names":["rightwards_pushing_hand_tone2","rightwards_pushing_hand_medium_light_skin_tone"],"surrogates":"🫸🏼","unicodeVersion":15,"diversity":["1f3fc"],"hasDiversityParent":true},{"names":["rightwards_pushing_hand_tone3","rightwards_pushing_hand_medium_skin_tone"],"surrogates":"🫸🏽","unicodeVersion":15,"diversity":["1f3fd"],"hasDiversityParent":true},{"names":["rightwards_pushing_hand_tone4","rightwards_pushing_hand_medium_dark_skin_tone"],"surrogates":"🫸🏾","unicodeVersion":15,"diversity":["1f3fe"],"hasDiversityParent":true},{"names":["rightwards_pushing_hand_tone5","rightwards_pushing_hand_dark_skin_tone"],"surrogates":"🫸🏿","unicodeVersion":15,"diversity":["1f3ff"],"hasDiversityParent":true}]},{"names":["hand_with_index_finger_and_thumb_crossed"],"surrogates":"🫰","unicodeVersion":14,"hasDiversity":true,"diversityChildren":[{"names":["hand_with_index_finger_and_thumb_crossed_tone1","hand_with_index_finger_and_thumb_crossed_light_skin_tone"],"surrogates":"🫰🏻","unicodeVersion":14,"diversity":["1f3fb"],"hasDiversityParent":true},{"names":["hand_with_index_finger_and_thumb_crossed_tone2","hand_with_index_finger_and_thumb_crossed_medium_light_skin_tone"],"surrogates":"🫰🏼","unicodeVersion":14,"diversity":["1f3fc"],"hasDiversityParent":true},{"names":["hand_with_index_finger_and_thumb_crossed_tone3","hand_with_index_finger_and_thumb_crossed_medium_skin_tone"],"surrogates":"🫰🏽","unicodeVersion":14,"diversity":["1f3fd"],"hasDiversityParent":true},{"names":["hand_with_index_finger_and_thumb_crossed_tone4","hand_with_index_finger_and_thumb_crossed_medium_dark_skin_tone"],"surrogates":"🫰🏾","unicodeVersion":14,"diversity":["1f3fe"],"hasDiversityParent":true},{"names":["hand_with_index_finger_and_thumb_crossed_tone5","hand_with_index_finger_and_thumb_crossed_dark_skin_tone"],"surrogates":"🫰🏿","unicodeVersion":14,"diversity":["1f3ff"],"hasDiversityParent":true}]},{"names":["palm_down_hand"],"surrogates":"🫳","unicodeVersion":14,"hasDiversity":true,"diversityChildren":[{"names":["palm_down_hand_tone1","palm_down_hand_light_skin_tone"],"surrogates":"🫳🏻","unicodeVersion":14,"diversity":["1f3fb"],"hasDiversityParent":true},{"names":["palm_down_hand_tone2","palm_down_hand_medium_light_skin_tone"],"surrogates":"🫳🏼","unicodeVersion":14,"diversity":["1f3fc"],"hasDiversityParent":true},{"names":["palm_down_hand_tone3","palm_down_hand_medium_skin_tone"],"surrogates":"🫳🏽","unicodeVersion":14,"diversity":["1f3fd"],"hasDiversityParent":true},{"names":["palm_down_hand_tone4","palm_down_hand_medium_dark_skin_tone"],"surrogates":"🫳🏾","unicodeVersion":14,"diversity":["1f3fe"],"hasDiversityParent":true},{"names":["palm_down_hand_tone5","palm_down_hand_dark_skin_tone"],"surrogates":"🫳🏿","unicodeVersion":14,"diversity":["1f3ff"],"hasDiversityParent":true}]},{"names":["palm_up_hand"],"surrogates":"🫴","unicodeVersion":14,"hasDiversity":true,"diversityChildren":[{"names":["palm_up_hand_tone1","palm_up_hand_light_skin_tone"],"surrogates":"🫴🏻","unicodeVersion":14,"diversity":["1f3fb"],"hasDiversityParent":true},{"names":["palm_up_hand_tone2","palm_up_hand_medium_light_skin_tone"],"surrogates":"🫴🏼","unicodeVersion":14,"diversity":["1f3fc"],"hasDiversityParent":true},{"names":["palm_up_hand_tone3","palm_up_hand_medium_skin_tone"],"surrogates":"🫴🏽","unicodeVersion":14,"diversity":["1f3fd"],"hasDiversityParent":true},{"names":["palm_up_hand_tone4","palm_up_hand_medium_dark_skin_tone"],"surrogates":"🫴🏾","unicodeVersion":14,"diversity":["1f3fe"],"hasDiversityParent":true},{"names":["palm_up_hand_tone5","palm_up_hand_dark_skin_tone"],"surrogates":"🫴🏿","unicodeVersion":14,"diversity":["1f3ff"],"hasDiversityParent":true}]},{"names":["leftwards_hand"],"surrogates":"🫲","unicodeVersion":14,"hasDiversity":true,"diversityChildren":[{"names":["leftwards_hand_tone1","leftwards_hand_light_skin_tone"],"surrogates":"🫲🏻","unicodeVersion":14,"diversity":["1f3fb"],"hasDiversityParent":true},{"names":["leftwards_hand_tone2","leftwards_hand_medium_light_skin_tone"],"surrogates":"🫲🏼","unicodeVersion":14,"diversity":["1f3fc"],"hasDiversityParent":true},{"names":["leftwards_hand_tone3","leftwards_hand_medium_skin_tone"],"surrogates":"🫲🏽","unicodeVersion":14,"diversity":["1f3fd"],"hasDiversityParent":true},{"names":["leftwards_hand_tone4","leftwards_hand_medium_dark_skin_tone"],"surrogates":"🫲🏾","unicodeVersion":14,"diversity":["1f3fe"],"hasDiversityParent":true},{"names":["leftwards_hand_tone5","leftwards_hand_dark_skin_tone"],"surrogates":"🫲🏿","unicodeVersion":14,"diversity":["1f3ff"],"hasDiversityParent":true}]},{"names":["rightwards_hand"],"surrogates":"🫱","unicodeVersion":14,"hasDiversity":true,"diversityChildren":[{"names":["rightwards_hand_tone1","rightwards_hand_light_skin_tone"],"surrogates":"🫱🏻","unicodeVersion":14,"diversity":["1f3fb"],"hasDiversityParent":true},{"names":["rightwards_hand_tone2","rightwards_hand_medium_light_skin_tone"],"surrogates":"🫱🏼","unicodeVersion":14,"diversity":["1f3fc"],"hasDiversityParent":true},{"names":["rightwards_hand_tone3","rightwards_hand_medium_skin_tone"],"surrogates":"🫱🏽","unicodeVersion":14,"diversity":["1f3fd"],"hasDiversityParent":true},{"names":["rightwards_hand_tone4","rightwards_hand_medium_dark_skin_tone"],"surrogates":"🫱🏾","unicodeVersion":14,"diversity":["1f3fe"],"hasDiversityParent":true},{"names":["rightwards_hand_tone5","rightwards_hand_dark_skin_tone"],"surrogates":"🫱🏿","unicodeVersion":14,"diversity":["1f3ff"],"hasDiversityParent":true}]},{"names":["index_pointing_at_the_viewer"],"surrogates":"🫵","unicodeVersion":14,"hasDiversity":true,"diversityChildren":[{"names":["index_pointing_at_the_viewer_tone1","index_pointing_at_the_viewer_light_skin_tone"],"surrogates":"🫵🏻","unicodeVersion":14,"diversity":["1f3fb"],"hasDiversityParent":true},{"names":["index_pointing_at_the_viewer_tone2","index_pointing_at_the_viewer_medium_light_skin_tone"],"surrogates":"🫵🏼","unicodeVersion":14,"diversity":["1f3fc"],"hasDiversityParent":true},{"names":["index_pointing_at_the_viewer_tone3","index_pointing_at_the_viewer_medium_skin_tone"],"surrogates":"🫵🏽","unicodeVersion":14,"diversity":["1f3fd"],"hasDiversityParent":true},{"names":["index_pointing_at_the_viewer_tone4","index_pointing_at_the_viewer_medium_dark_skin_tone"],"surrogates":"🫵🏾","unicodeVersion":14,"diversity":["1f3fe"],"hasDiversityParent":true},{"names":["index_pointing_at_the_viewer_tone5","index_pointing_at_the_viewer_dark_skin_tone"],"surrogates":"🫵🏿","unicodeVersion":14,"diversity":["1f3ff"],"hasDiversityParent":true}]},{"names":["biting_lip"],"surrogates":"🫦","unicodeVersion":14},{"names":["person_with_crown"],"surrogates":"🫅","unicodeVersion":14,"hasDiversity":true,"diversityChildren":[{"names":["person_with_crown_tone1","person_with_crown_light_skin_tone"],"surrogates":"🫅🏻","unicodeVersion":14,"diversity":["1f3fb"],"hasDiversityParent":true},{"names":["person_with_crown_tone2","person_with_crown_medium_light_skin_tone"],"surrogates":"🫅🏼","unicodeVersion":14,"diversity":["1f3fc"],"hasDiversityParent":true},{"names":["person_with_crown_tone3","person_with_crown_medium_skin_tone"],"surrogates":"🫅🏽","unicodeVersion":14,"diversity":["1f3fd"],"hasDiversityParent":true},{"names":["person_with_crown_tone4","person_with_crown_medium_dark_skin_tone"],"surrogates":"🫅🏾","unicodeVersion":14,"diversity":["1f3fe"],"hasDiversityParent":true},{"names":["person_with_crown_tone5","person_with_crown_dark_skin_tone"],"surrogates":"🫅🏿","unicodeVersion":14,"diversity":["1f3ff"],"hasDiversityParent":true}]},{"names":["troll"],"surrogates":"🧌","unicodeVersion":14},{"names":["pregnant_person"],"surrogates":"🫄","unicodeVersion":14,"hasDiversity":true,"diversityChildren":[{"names":["pregnant_person_tone1","pregnant_person_light_skin_tone"],"surrogates":"🫄🏻","unicodeVersion":14,"diversity":["1f3fb"],"hasDiversityParent":true},{"names":["pregnant_person_tone2","pregnant_person_medium_light_skin_tone"],"surrogates":"🫄🏼","unicodeVersion":14,"diversity":["1f3fc"],"hasDiversityParent":true},{"names":["pregnant_person_tone3","pregnant_person_medium_skin_tone"],"surrogates":"🫄🏽","unicodeVersion":14,"diversity":["1f3fd"],"hasDiversityParent":true},{"names":["pregnant_person_tone4","pregnant_person_medium_dark_skin_tone"],"surrogates":"🫄🏾","unicodeVersion":14,"diversity":["1f3fe"],"hasDiversityParent":true},{"names":["pregnant_person_tone5","pregnant_person_dark_skin_tone"],"surrogates":"🫄🏿","unicodeVersion":14,"diversity":["1f3ff"],"hasDiversityParent":true}]},{"names":["pregnant_man"],"surrogates":"🫃","unicodeVersion":14,"hasDiversity":true,"diversityChildren":[{"names":["pregnant_man_tone1","pregnant_man_light_skin_tone"],"surrogates":"🫃🏻","unicodeVersion":14,"diversity":["1f3fb"],"hasDiversityParent":true},{"names":["pregnant_man_tone2","pregnant_man_medium_light_skin_tone"],"surrogates":"🫃🏼","unicodeVersion":14,"diversity":["1f3fc"],"hasDiversityParent":true},{"names":["pregnant_man_tone3","pregnant_man_medium_skin_tone"],"surrogates":"🫃🏽","unicodeVersion":14,"diversity":["1f3fd"],"hasDiversityParent":true},{"names":["pregnant_man_tone4","pregnant_man_medium_dark_skin_tone"],"surrogates":"🫃🏾","unicodeVersion":14,"diversity":["1f3fe"],"hasDiversityParent":true},{"names":["pregnant_man_tone5","pregnant_man_dark_skin_tone"],"surrogates":"🫃🏿","unicodeVersion":14,"diversity":["1f3ff"],"hasDiversityParent":true}]}],"nature":[{"names":["goose"],"surrogates":"🪿","unicodeVersion":15},{"names":["black_bird"],"surrogates":"🐦‍⬛","unicodeVersion":15},{"names":["moose"],"surrogates":"🫎","unicodeVersion":15},{"names":["jellyfish"],"surrogates":"🪼","unicodeVersion":15},{"names":["donkey"],"surrogates":"🫏","unicodeVersion":15},{"names":["wing"],"surrogates":"🪽","unicodeVersion":15},{"names":["nest_with_eggs"],"surrogates":"🪺","unicodeVersion":14},{"names":["empty_nest"],"surrogates":"🪹","unicodeVersion":14},{"names":["coral"],"surrogates":"🪸","unicodeVersion":14},{"names":["hyacinth"],"surrogates":"🪻","unicodeVersion":15},{"names":["lotus"],"surrogates":"🪷","unicodeVersion":14},{"names":["bubbles"],"surrogates":"🫧","unicodeVersion":14}],"food":[{"names":["pea_pod"],"surrogates":"🫛","unicodeVersion":15},{"names":["ginger_root"],"surrogates":"🫚","unicodeVersion":15},{"names":["jar"],"surrogates":"🫙","unicodeVersion":14},{"names":["beans"],"surrogates":"🫘","unicodeVersion":14},{"names":["pouring_liquid"],"surrogates":"🫗","unicodeVersion":14}],"activity":[{"names":["playground_slide"],"surrogates":"🛝","unicodeVersion":14},{"names":["maracas"],"surrogates":"🪇","unicodeVersion":15},{"names":["flute"],"surrogates":"🪈","unicodeVersion":15}],"travel":[{"names":["crutch"],"surrogates":"🩼","unicodeVersion":14},{"names":["wheel"],"surrogates":"🛞","unicodeVersion":14},{"names":["ring_buoy"],"surrogates":"🛟","unicodeVersion":14}],"objects":[{"names":["low_battery"],"surrogates":"🪫","unicodeVersion":14},{"names":["identification_card"],"surrogates":"🪪","unicodeVersion":14},{"names":["hamsa"],"surrogates":"🪬","unicodeVersion":14},{"names":["x_ray"],"surrogates":"🩻","unicodeVersion":14},{"names":["hair_pick"],"surrogates":"🪮","unicodeVersion":15},{"names":["folding_hand_fan"],"surrogates":"🪭","unicodeVersion":15},{"names":["mirror_ball"],"surrogates":"🪩","unicodeVersion":14}],"symbols":[{"names":["pink_heart"],"surrogates":"🩷","unicodeVersion":15},{"names":["light_blue_heart"],"surrogates":"🩵","unicodeVersion":15},{"names":["grey_heart"],"surrogates":"🩶","unicodeVersion":15},{"names":["khanda"],"surrogates":"🪯","unicodeVersion":15},{"names":["wireless"],"surrogates":"🛜","unicodeVersion":15},{"names":["heavy_equals_sign"],"surrogates":"🟰","unicodeVersion":14}]}